{
  "sections": {
    "main": {
      "type": "static-collection",
      "blocks": {
        "filter-1": {
          "type": "filter",
          "settings": {
          }
        }
      },
      "block_order": [
        "filter-1"
      ],
      "settings": {
        "show_collection_image": true,
        "products_per_page_range": 24,
        "products_per_row": "4",
        "sort_by": true,
        "show_by": true,
        "grid_list": true,
        "default_view": "grid-view"
      }
    },
    "static-recently-viewed": {
      "type": "static-recently-viewed",
      "settings": {
        "enable_recently_viewed_products": true
      }
    }
  },
  "order": [
    "main",
    "static-recently-viewed"
  ]
}