{
  "sections": {
    "main": {
      "type": "static-product",
      "blocks": {
        "title": {
          "type": "title",
          "settings": {
          }
        },
        "price": {
          "type": "price",
          "settings": {
          }
        },
        "form": {
          "type": "form",
          "settings": {
          }
        },
        "description": {
          "type": "description",
          "settings": {
          }
        },
        "vendor": {
          "type": "vendor",
          "settings": {
          }
        },
        "share": {
          "type": "share",
          "settings": {
          }
        }
      },
      "block_order": [
        "title",
        "price",
        "form",
        "description",
        "vendor",
        "share"
      ],
      "settings": {
        "gallery_aspect_ratio": "natural",
        "gallery_image_crop": false,
        "gallery_thumbnail_position": "below",
        "gallery_video_autoplay": true,
        "gallery_video_looping": true,
        "gallery_hover_zoom": "disabled",
        "gallery_click_to_zoom": "always"
      }
    },
    "recommendations": {
      "type": "static-product-recommendations",
      "settings": {
        "show_product_recommendations": true,
        "product_recommendations_heading": "You may also like"
      }
    },
    "reviews": {
      "type": "static-product-reviews",
      "settings": {
      }
    },
    "recently-viewed": {
      "type": "static-recently-viewed",
      "settings": {
        "enable_recently_viewed_products": true
      }
    }
  },
  "order": [
    "main",
    "recommendations",
    "reviews",
    "recently-viewed"
  ]
}