{
  "layout": "quickshop",
  "sections": {
    "main": {
      "type": "quickshop",
      "blocks": {
        "title": {
          "type": "title",
          "settings": {
          }
        },
        "vendor": {
          "type": "vendor",
          "settings": {
          }
        },
        "price": {
          "type": "price",
          "settings": {
          }
        },
        "form": {
          "type": "form",
          "settings": {
          }
        },
        "description": {
          "type": "description",
          "settings": {
          }
        }
      },
      "block_order": [
        "title",
        "vendor",
        "price",
        "form",
        "description"
      ],
      "settings": {
      }
    }
  },
  "order": [
    "main"
  ]
}